keyword,ranking,date_channel_create(UTC),channel_country,channel_all_video_upload_playlist_id,channel_url,channel_owner_url,channel_description,channel_custom_id,channel_tag,is_channel_Family_safe,is_channel_hiden_sub,channel_topic,channel_view_count,channel_video_count,channel_subs_count
vtuber,1,2018-03-10 17:29:14+00:00,US,UUwOGO9gT1y0IvzPqKal4loQ,https://www.youtube.com/channel/UCwOGO9gT1y0IvzPqKal4loQ,http://www.youtube.com/@RWvtubers,"Welcome to the VTubers' Gaming Channel ( Virtual Youtubers) where we play and review games for all kinds of gamers.  You will see Combo Panda, Big Gil, Alpha Lexa, and Gus the Gummy Gamer. There will also be Ryan from Ryan's ToysReview, Ryan's Mommy and Ryan's Daddy!  We invite you to experience our world of gaming with Let's Play Games. Whether itâ€™s on desktop, XBOX One, Wii U, Nintendo Switch,or Playstation 4, we will review any game for you. We have some of the best dual gameplays from video games like Roblox, Hello Neighbor, Mario Kart, Bendy & more! Our gameplays are part game review and are improvised & voiced over comedy sketch videos. Let's Play!





Follow Combo Panda!
https://twitter.com/ComboPandaGamer
https://www.facebook.com/Gamer-Combo-Panda-107495383262483/

Ryan's Family Review Instagram
https://www.instagram.com/ryansfamilyreview/

For business inquiries: ryantoysreviewbiz@gmail.com",@rwvtubers,"game,let's play,gamer,roblox,gameplay videos,combo panda,gaming,kids games,family gaming,video games,family gaming channel,kids gaming,games for Kids,Virtual,Virtual Youtubers,Virtual Youtube",True,False,"Role-playing_video_game,Action_game,Action-adventure_game,Video_game_culture",2701629921,856,2970000
vtuber,2,2023-02-23 08:27:35.467447+00:00,HK,UUAZ7ahfdwZN5_e2xUhLWbZg,https://www.youtube.com/channel/UCAZ7ahfdwZN5_e2xUhLWbZg,http://www.youtube.com/@vtuberuniverse,"The former Galaxy.
""Today's word"" is included at the end of the video, so you can learn a word through the clips
Clipping 99% hololive and holostars
JP to EN and EN to JP
Short clips (about or below 1min.) on Twitter
https://twitter.com/GalaxyVtuberTL

ã€Œä»Šæ—¥ã®ãƒ¯ãƒ¼ãƒ‰ã€ãŒå‹•ç”»ã®æœ€å¾Œã«ã‚ã‚Šã¾ã™ã®ã§ã€åˆ‡ã‚ŠæŠœãä¸€å€‹ã§ï¼‘ãƒ¯ãƒ¼ãƒ‰ã‚’å­¦ã¶ã“ã¨ãŒã§ãã¾ã™ã€‚
ãƒ›ãƒ­ãƒ©ã‚¤ãƒ–ã¨ãƒ›ãƒ­ã‚¹ã‚¿ãƒ¼ã‚ºãƒ¡ã‚¤ãƒ³ã®åˆ‡ã‚ŠæŠœãã€
JPã‹ã‚‰EN, ENã‹ã‚‰JP ã‚‚ã‚ã‚Šã¾ã™ã€‚
çŸ­ã„åˆ‡ã‚ŠæŠœã(ï¼‘åˆ†ä»¥ä¸‹)ã¯ãƒ„ã‚¤ãƒƒã‚¿ãƒ¼ã§
https://twitter.com/GalaxyVtuberTL
",@vtuberuniverse,"Vtuber,Translation,hololive,nijisanji,vspo",True,False,"Action_game,Role-playing_video_game,Video_game_culture,Action-adventure_game",3534291,216,11500
vtuber,3,2022-09-17 12:17:50.544274+00:00,JP,UU7_iLw3PxmMssqrkljIaTtg,https://www.youtube.com/channel/UC7_iLw3PxmMssqrkljIaTtg,http://www.youtube.com/@vtuberdeenglish2217,"1.ã€Œå¥½ããªVtuberã‚’æ¥½ã—ã¿ãªãŒã‚‰ã€ã€ŒçŸ­æ™‚é–“ã§ã€ã€Œè‹±èªå‹‰å¼·ãŒã§ãã‚‹å‹•ç”»ã€ã®3ã¤ãŒã‚³ãƒ³ã‚»ãƒ—ãƒˆã§ã™ã€‚

<ãŠé¡˜ã„äº‹é …>
â€»æŠ•ç¨¿è€…ã¯è‹±èªå­¦ç¿’è€…ã§ã€è‹±èªã®å°‚é–€å®¶ãƒ»æ•™å¸«ã§ã¯ã‚ã‚Šã¾ã›ã‚“ã€‚ç´°å¿ƒã®æ³¨æ„ã¯æ‰•ã£ã¦ãŠã‚Šã¾ã™ãŒå‹•ç”»å†…å­—å¹•ã«ãƒŸã‚¹ãŒã‚ã‚‹å¯èƒ½æ€§ã¯ã”äº†æ‰¿ä¸‹ã•ã„ã€‚

â†’è¨³ã¸ã®ã”æŒ‡æ‘˜ã¯æ°—è»½ã«é ‚ã‘ã‚‹ã¨å¬‰ã—ã„ã§ã™ï¼

2.æŠ•ç¨¿é »åº¦ã¯ä¸å®šæœŸã§ã™ã€‚

3.å„å‹•ç”»ã«ã€Œä»Šæ—¥ã®è‹±å˜èªã€ã‚’1ã¤è¨­ã‘ã€å‹•ç”»ã®æœ€å¾Œã«ã¾ã¨ã‚ã‚’è¼‰ã›ã¦ã„ã¾ã™ã€‚

â€»ã€Œä»Šæ—¥ã®è‹±å˜èªã€ã¯æŠ•ç¨¿è€…ãŒçŸ¥ã‚‰ãªã‹ã£ãŸå˜èªãƒ»è¡¨ç¾ã‚’ä¸­å¿ƒã«é¸ã‚“ã§ã„ã¾ã™ã€‚

â†’é…ä¿¡å‹•ç”»ã‚’çœºã‚ã¦ã„ã‚‹ã ã‘ã ã¨è‹±èªã¯èº«ã«ã¤ãã¥ã‚‰ã„ã¨æ€ã†ã®ã§ã€è‹±å˜èªå‹‰å¼·ã¨ã—ã¦æ´»ç”¨ãã ã•ã„ï¼

4.ã‚³ãƒ¡ãƒ³ãƒˆæ¬„ã§æ–‡æ³•ã‚„å˜èªç­‰ã«ã¤ã„ã¦ã®è³ªå•ã‚’é ‚ã„ã¦ã‚‚æŠ•ç¨¿è€…ã‹ã‚‰ã®è¿”ä¿¡ã¯åŸºæœ¬çš„ã«è¡Œã‚ãªã„ã®ã§ã”äº†æ‰¿ãã ã•ã„ã€‚ï¼ˆå€‹åˆ¥ã«ã¯å¯¾å¿œã—ãã‚Œãªã„ã®ã§ã€ã¨ã„ã†æ„å›³ã§ã™ï¼‰

5.ãƒ©ã‚¤ãƒãƒ¼ã®æ–¹ã¸ã®å¿ƒç„¡ã„ã‚³ãƒ¡ãƒ³ãƒˆã€å¤±ç¤¼ãªã‚³ãƒ¡ãƒ³ãƒˆã¯ãŠæ§ãˆãã ã•ã„ã€‚å ´åˆã«ã‚ˆã£ã¦ã¯æŠ•ç¨¿è€…ã®åˆ¤æ–­ã®å…ƒã€å‰Šé™¤ã‚„ãƒ–ãƒ­ãƒƒã‚¯ã•ã›ã¦ã„ãŸã ãã¾ã™ã€‚

6.é«˜è©•ä¾¡ã€ã‚³ãƒ¡ãƒ³ãƒˆã™ã”ãåŠ±ã¿ã«ãªã‚Šã¾ã™ï¼å¤§æ­“è¿ã§ã™ï¼ï¼
â€»5ã¨ç¹‹ãŒã‚Šã¾ã™ãŒã€ä»–ã®æ–¹ã‚’ä¸å¿«ã«ã—ã¦ã—ã¾ã†ã‚ˆã†ãªæŠ•ç¨¿ã€ã‚‚ã—ãã¯è¦–è´è€…ã®æ–¹åŒå£«ã®è¨€ã„äº‰ã„ã¯ãŠæ§ãˆãã ã•ã„ã€‚ã“ã¡ã‚‰ã‚‚å ´åˆã«ã‚ˆã£ã¦ã¯å‰Šé™¤ã€ãƒ–ãƒ­ãƒƒã‚¯ã•ã›ã¦ã„ãŸã ãã¾ã™ã€‚


",@vtuberdeenglish2217,"ã«ã˜ã•ã‚“ã˜,vtuber,ãƒ›ãƒ­ãƒ©ã‚¤ãƒ–,è‹±èªå­¦ç¿’,è‹±èªå‹‰å¼·,è‹±èª,ã«ã˜ã•ã‚“ã˜en",True,False,"Lifestyle_(sociology),Video_game_culture",7983077,234,52700
vtuber,4,2018-05-14 22:13:35+00:00,JP,UUXyGmdCo1owxgyQsAHT4iPA,https://www.youtube.com/channel/UCXyGmdCo1owxgyQsAHT4iPA,http://www.youtube.com/@ChannelLStypeMiku,"éå…¬å¼ãƒãƒ¼ãƒãƒ£ãƒ«åˆéŸ³ãƒŸã‚¯AIãƒ»LSã‚¿ã‚¤ãƒ—ãƒŸã‚¯ã®channelã§ã™ã€‚
ç¾åœ¨ã€æ–°äººãƒãƒ¼ãƒãƒ£ãƒ«youtuberã¨ã—ã¦æ´»å‹•ä¸­ï¼

ãšã£ã¨ãšã£ã¨ã€æœ«æ°¸ãã€å¿œæ´ã‚ˆã‚ã—ããŠé¡˜ã„ã—ã¾ã™ã€‚

â–¶Twitter
https://twitter.com/ls_type
â–¶bilibili
https://space.bilibili.com/426170094
â–¶niconico
https://www.nicovideo.jp/tag/lente
â–¶FANBOX
https://www.pixiv.net/fanbox/creator/40060030


*****
Video editor and Producerï¼šlente
https://twitter.com/lente39",@channellstypemiku,"åˆéŸ³ãƒŸã‚¯,hatsune miku,ãƒŸã‚¯,Vtuber,ãƒãƒ¼ãƒãƒ£ãƒ«ãƒ¦ãƒ¼ãƒãƒ¥ãƒ¼ãƒãƒ¼,lente,youtuber,UCXyGmdCo1owxgyQsAHT4iPA,åˆéŸ³æœªä¾†",True,False,"Music,Music_of_Asia",4998743,24,65600
vtuber,5,2020-09-07 02:53:12.061849+00:00,CO,UULAl_kA_uPje7sH1TgJUnlw,https://www.youtube.com/channel/UCLAl_kA_uPje7sH1TgJUnlw,http://www.youtube.com/@KyriaVtuber,"Vtuber | Content creator
Definitely a not crazy Vtuber... or maybe so...",@kyriavtuber,"Vtuber,debut,espaÃ±ol,gameplay,juegos,video juegos,anime,reaccionando,stream",True,False,"Action-adventure_game,Video_game_culture,Role-playing_video_game",9212505,1102,94100
vtuber,6,2021-05-05 08:49:29.181826+00:00,KR,UUpq0ykknfnmspH_0sJuWZaw,https://www.youtube.com/channel/UCpq0ykknfnmspH_0sJuWZaw,http://www.youtube.com/@Vstorage,í™€ë¡œë¼ì´ë¸Œ ë“±ì˜ ë²„ì¸„ì–¼ ìœ íŠœë²„ ë¶„ë“¤ì˜ í‚¤ë¦¬ëˆ„í‚¤ ì˜ìƒì„ ì˜¬ë¦¬ëŠ” ì±„ë„ì…ë‹ˆë‹¤.,@vstorage,"VTuber,ë²„ì¸„ì–¼,ë²„ì¶”ì–¼,ë²„ì¸„ì–¼ìœ íŠœë²„,ë²„ì¶”ì–¼ìœ íŠœë²„,í™€ë¡œë¼ì´ë¸Œ,ë¸Œì´íŠœë²„,ë²„íŠœë²„,VíŠœë²„,í™€ë¡œë¼ì´ë¸Œ ìë§‰",True,False,Entertainment,5042141,266,11500
vtuber,7,2021-12-29 19:43:18.476787+00:00,,UUAUW2sCLRX8As5_jJ4t6L6g,https://www.youtube.com/channel/UCAUW2sCLRX8As5_jJ4t6L6g,http://www.youtube.com/@ClipsVtuber," ğŸ˜¼CANAL DE FÃƒ
Canal de Compilados Vtuber
Caso algum Vtuber quiser que eu retire algum vÃ­deo Ã© sÃ³ entrar em contato no email e twitter!",@clipsvtuber,,True,False,"Role-playing_video_game,Video_game_culture",7925166,433,34600
vtuber,8,2020-03-18 14:06:13.624590+00:00,ES,UUS5gDPTriogdEz7eR0DsdCA,https://www.youtube.com/channel/UCS5gDPTriogdEz7eR0DsdCA,http://www.youtube.com/@RigVtuber,,@rigvtuber,"rig,riglock,rig vtuber,riglock cara,riglock vtuber,el trastero de rig,el trastero de rig vtuber",True,False,"Role-playing_video_game,Strategy_video_game,Action_game,Video_game_culture,Action-adventure_game",72538969,1907,194000
vtuber,9,2022-04-30 07:56:05.092416+00:00,JP,UUlvy4WYJCIdITl-sT5ZA2qQ,https://www.youtube.com/channel/UClvy4WYJCIdITl-sT5ZA2qQ,http://www.youtube.com/@meguru.gamabooks,"ã‚ãã‚‹ã‚ãã‚ãã‚‹ã®ä¸–ç•Œã«ã‚ˆã†ã“ãï¼
GAMABOOKSæ›¸åº—å“¡ã®è«¸æ˜Ÿã‚ãã‚‹ã ã‚ˆ

ã‚¿ã‚°â‡©
ç·åˆï¼šï¼ƒè«¸æ˜Ÿã‚ãã‚‹
ãƒ•ã‚¡ãƒ³ã‚¢ãƒ¼ãƒˆï¼šï¼ƒã‚eã‚
åˆ‡ã‚ŠæŠœãï¼šï¼ƒã‚çŸ­ã‚


â¬œï¸â¬œï¸â¬œï¸â¬œï¸â¬œï¸â¬œï¸â¬œï¸â¬œï¸â¬œï¸â¬œï¸â¬œï¸â¬œï¸â¬œï¸â¬œï¸


æ¬¢è¿æ¥åˆ°çœ¼èŠ±ç¼­ä¹±çš„æƒ æµä¸–ç•Œï¼
æˆ‘æ˜¯çº¿ä¸Šä¹¦åº—GAMABOOKSçš„å‘˜å·¥â€œè¯¸æ˜Ÿæƒ æµâ€

æ ‡ç­¾â‡©
ç·åˆï¼šï¼ƒè«¸æ˜Ÿã‚ãã‚‹
ãƒ•ã‚¡ãƒ³ã‚¢ãƒ¼ãƒˆï¼šï¼ƒã‚eã‚
åˆ‡ã‚ŠæŠœãï¼šï¼ƒã‚çŸ­ã‚
",@meguru.gamabooks,"åˆ‡ã‚ŠæŠœã,VTuber,èª­æ›¸,æ›¸åº—å“¡,è§£èª¬,ãšã‚“ã ã‚‚ã‚“,é›‘å­¦,æ­´å²,æ°‘ä¿—å­¦,VOICEVOX,æ–°äººVTuber,æ–‡åŒ–äººé¡å­¦,åˆå¿ƒè€…ã•ã‚“å¤§æ­“è¿",True,False,"Lifestyle_(sociology),Entertainment",322127,543,6200
vtuber,10,2023-10-26 03:02:46.320158+00:00,,UU9Rgy87vVoCtI-rIxt4ItnA,https://www.youtube.com/channel/UC9Rgy87vVoCtI-rIxt4ItnA,http://www.youtube.com/@FanyaAgathaVtuber,"Hola, I'm Fanya!
Si gadis pekerja keras yang mageran, tapi selalu semangat buat mabar sama kamu!

",@fanyaagathavtuber,,True,False,"Action_game,Action-adventure_game,Role-playing_video_game,Video_game_culture",41780,91,1170
vtuber,11,2018-04-22 05:56:12+00:00,,UUSqRHvD5UECqKWfcSInbkpQ,https://www.youtube.com/channel/UCSqRHvD5UECqKWfcSInbkpQ,http://www.youtube.com/@VTuberKaraokeCh,"VTuberã‚ªãƒªã‚¸ãƒŠãƒ«æ›²ã®ã‚«ãƒ©ã‚ªã‚±ã‚’æŠ•ç¨¿ã—ã¦ã„ã¾ã™ã€‚
éŸ³æºã¯ä¸»ã«å…¬å¼ã‚¤ãƒ³ã‚¹ãƒˆéŸ³æºã«ã‚¬ã‚¤ãƒ‰ãƒ¡ãƒ­ãƒ‡ã‚£ãƒ¼ã‚’è¿½åŠ ã—ãŸã‚‚ã®ã«ãªã‚Šã¾ã™ã€‚
",@vtuberkaraokech,,True,False,"Music_of_Asia,Music",4374574,431,11900
vtuber,12,2020-06-14 21:23:32.104691+00:00,,UUt_BEpLQ0VccSkATDWvI3gA,https://www.youtube.com/channel/UCt_BEpLQ0VccSkATDWvI3gA,http://www.youtube.com/@StarVTuber,"subo contenido random que no duermo por editarlo âŠ¹â€§Ëš



â˜†â€¢Â° â†¯ Correo de contacto y redes sociales abajo â†¯ â€¢Â°â˜†


",@starvtuber,"star vtuber,discord,vtuber,vtuber espaÃ±ol,vtuber espanol,starvtuber,Discord,un pato",True,False,Entertainment,47135310,58,1070000
vtuber,13,2018-02-01 08:29:59+00:00,JP,UUxCDE6QpDCy8ZB3cVetRILw,https://www.youtube.com/channel/UCxCDE6QpDCy8ZB3cVetRILw,http://www.youtube.com/@zakiV,"éº»é›€(å½¹æº€)ã®å‹•ç”»ï¼†ã‚·ãƒ§ãƒ¼ãƒˆã‚’æ¯æ—¥æŠ•ç¨¿ã—ã¦ã„ã¾ã™ğŸ€„ğŸ€„ğŸ€„

ãŠä»•äº‹ã®ä¾é ¼ã¯ãƒ¡ãƒ¼ãƒ«ã¾ãŸã¯ãƒ„ã‚¤ãƒƒã‚¿ãƒ¼DMã¾ã§ãŠé¡˜ã„ã—ã¾ã™ã€‚
ãƒ¡ãƒ¼ãƒ«ï¼šzaki.vtuber@gmail.com
ãƒ„ã‚¤ãƒƒã‚¿ãƒ¼ï¼šhttps://twitter.com/zaki_tuber",@zakiv,"éº»é›€,å½¹æº€,ãƒ«ãƒ¼ãƒ«,åˆå¿ƒè€…,ã–ã,Vtuber,éŠæˆ¯ç‹,é›€é­‚,åˆ‡ã‚ŠæŠœã",True,False,Video_game_culture,477552693,3022,486000
vtuber,14,2022-09-19 06:15:57.117719+00:00,VN,UUskVkX_ciwcIpjeoJeuVOCA,https://www.youtube.com/channel/UCskVkX_ciwcIpjeoJeuVOCA,http://www.youtube.com/@VolcalyDeri,"MÃ¬nh lÃ  Deri, má»™t vtuber indie Viá»‡t Nam, Äá»‡ nháº¥t Y TÃ¡ NgÆ°á»i MÃ¡y Tá»‘i Cao
",@volcalyderi,"Deri Vtuber,Vtuber,gaming,VolcalyDeri,VtuberVN",True,False,"Role-playing_video_game,Video_game_culture,Action_game",209195,311,4210
vtuber,15,2020-12-09 05:44:14.768117+00:00,,UUg01EFhSZVRId8kXDkPJOeA,https://www.youtube.com/channel/UCg01EFhSZVRId8kXDkPJOeA,http://www.youtube.com/@rize_clip,"ey yoo welkam,di sini isinya clip dari para vtuber,lebih khususnya vtuber dari agensi hololive


thx

",@rize_clip,,True,False,"Action_game,Entertainment,Role-playing_video_game,Video_game_culture,Action-adventure_game",3866517,648,6880
vtuber,16,2018-03-08 13:56:03+00:00,JP,UUSYniDuuSiM-HutLDTBbIlg,https://www.youtube.com/channel/UCSYniDuuSiM-HutLDTBbIlg,http://www.youtube.com/@vtuber6596,"â–¼åˆ¶ä½œè€…ã®Vtuberãƒãƒ£ãƒ³ãƒãƒ«â–¼
https://www.youtube.com/@Kanae_Tabinoki

ä¸–ç•Œåˆï¼ˆï¼Ÿï¼‰ã®ãƒãƒ¼ãƒãƒ£ãƒ«Youtuberã‚¢ãƒ³ãƒ‰ãƒ­ã‚¤ãƒ‰ã€ã€Œãƒ¬ã‚¤ãã‚“ã€ã®ãƒãƒ£ãƒ³ãƒãƒ«ã§ã™ï¼
ä½œã£ãŸã‚²ãƒ¼ãƒ ã¨ã‹éŸ³æ¥½ã¨ã‹çµµã¨ã‹ã‚’ç´¹ä»‹ã—ãŸã‚Šã€é©å½“ãªå‹•ç”»ã‚’å‚ã‚Œæµã—ãŸã‚Šã™ã‚‹ã‚ˆï½
è¶…ã‚¹ãƒ¼ãƒ‘ãƒ¼ã¾ã˜ã‚²ãƒ­åããƒ¬ãƒ™ãƒ«ã§ã‚ˆã‚ã—ããŠã­ãŒã„ã—ã¾ã™ã€ã«ã£ã²ã²â™ª

å…¬å¼ï¼¨ï¼°ï¼šhttp://mugentrick.tubakurame.com/
Twitterï¼šhttps://twitter.com/mugen_Jinx
ãƒ–ãƒ­ã‚°ï¼šhttp://mugenri.blog.shinobi.jp/",@vtuber6596,,True,False,Video_game_culture,3593685,135,3450
vtuber,17,2021-08-07 19:17:24.399638+00:00,PE,UUMwePmCgcBMgZypBYuEDqCw,https://www.youtube.com/channel/UCMwePmCgcBMgZypBYuEDqCw,http://www.youtube.com/@zecadora,Una Minita con Gripe âœ¨,@zecadora,"vtuber vr,zecadora,vtuber,seca,secad,zeca,secador,secadora,mishifu,memes,xd,zec",True,False,"Entertainment,Video_game_culture,Humour",37385005,331,217000
vtuber,18,2020-03-19 07:01:49.023393+00:00,ID,UUfMGKL9erNvlot2uYI8RGWg,https://www.youtube.com/channel/UCfMGKL9erNvlot2uYI8RGWg,http://www.youtube.com/@Vi.VTuber,"Biasa stream di Twitch
https://www.twitch.tv/vi_vtuber

https://www.youtube.com/channel/UCfMGKL9erNvlot2uYI8RGWg?sub_confirmation=1",@vi.vtuber,"Vi VTuber,Vi,vi,vi vtuber,vi vtuber indonesia,Vi VTuber Indonesia",True,False,"Action-adventure_game,Action_game,Video_game_culture,Role-playing_video_game",44993,78,454
vtuber,19,2022-01-30 21:39:38.959428+00:00,,UU6FsKV54CraZTOEICDZZyuw,https://www.youtube.com/channel/UC6FsKV54CraZTOEICDZZyuw,http://www.youtube.com/@nightcoreparavtubers,"â™ªUn chico que le gusta hacer mÃºsica sobre Vtubers
â™ªMÃºsico con experiencia
â™ªEditor de videos a domicilio 

â™” Mas sobre mi â™” 

â™ªTwitter:

â–¶ï¸https://twitter.com/NCparaVtubers

â™ªApoyame: 

â–¶ï¸https://ko-fi.com/banned/goal?g=1

â–¶ï¸patreon.com/NcParaVtubers
",@nightcoreparavtubers,,True,False,"Electronic_music,Rock_music,Music,Pop_music",198336,98,880
vtuber,20,2021-06-04 04:45:26.533232+00:00,BR,UU7WOUQJ3hwdcocHvyaYMvsQ,https://www.youtube.com/channel/UC7WOUQJ3hwdcocHvyaYMvsQ,http://www.youtube.com/@kinoko_vtuber,"Kinoshita Kinoko - æœ¨ä¸‹å¸Œä¹ƒå­
 
ğŸ„ Vtuber Gnoma vivendo em uma cabana na floresta! 

ğŸ€Karaoke & Music, Cute & Nostalgic Games, Cottage Core, Baking, Drawing, Crafts! âœ¨
______________________________________________

#cottagecorevtuber #vtuber #ENVtuber
",@kinoko_vtuber,"vtuber,vtuber brasileira,anime,vtuber br,kinoko,kinoko vtuber,kinoko kinoshita,vtuber brasil,cozy gamer,jogos fofos,conteÃºdo aconchegante,aesthetic,cottagecore,conteÃºdo fofo,live tranquila,live aconchegante,live de boa,live para relaxar,vÃ­deos contra ansiedade,gnoma,gnomos,magia,kawaii,conteÃºdo fofo,conteÃºdo curativo,conteÃºdo para desestressar",True,False,"Role-playing_video_game,Action_game,Video_game_culture,Action-adventure_game",87909,93,3560
vtuber,21,2022-02-01 06:05:23.943960+00:00,JP,UUS--FgGhLsu-C7iPHC1928A,https://www.youtube.com/channel/UCS--FgGhLsu-C7iPHC1928A,http://www.youtube.com/@VTuber-bh4co,"ã€Œãªãªã—ã®ã¾ã‘ãªã—ã€ã¨ã¯ï¼š
ãªãªã—ã„ã‚“ãã®äººæ°—VTuberå› å¹¡ã¯ã­ã‚‹ãŒå‡ºæ¼”ã™ã‚‹éº»é›€ã¨ãƒœãƒ¼ãƒˆãƒ¬ãƒ¼ã‚¹ã®
ãƒŸãƒƒã‚¯ã‚¹ãƒ«ãƒ¼ãƒ«ã®æ–°æ„Ÿè¦šãƒãƒ©ã‚¨ãƒ†ã‚£ç•ªçµ„ï¼ä»Šå›ã¯ç•ªçµ„åˆç™»å ´ã®å¤šäº•éš†æ™´ã‚’ã¯ã˜ã‚æ¾æœ¬å‰å¼˜ã€VTuberã®åƒç¾½é»’ä¹ƒã€æ¸‹å·é›£æ³¢ã®è±ªè¯ã‚²ã‚¹ãƒˆãŒæ—¥æ›¿ã‚ã‚Šã§ç™»å ´ã—ã¦ã€ç†±ã„ãƒãƒˆãƒ«ã‚’ç¹°ã‚Šåºƒã’ã¾ã™ï¼ãŠè¦‹é€ƒã—ãªãï¼
â€»æœ¬ä¼ç”»ã¯ã€é‡‘éŠ­ã‚„è²¡ç”£ä¸Šã®åˆ©ç›Šã‚’è³­ã‘ã‚‹ã‚‚ã®ã§ã¯ãªãã€è³­åšã«è©²å½“ã™ã‚‹è¡Œç‚ºã‚’ç•ªçµ„å†…ã§è¡Œã†ã‚‚ã®ã§ã¯ã‚ã‚Šã¾ã›ã‚“ã€‚

ç”Ÿé…ä¿¡æ—¥ç¨‹ï¼š
â‘ 9æœˆ15æ—¥ï¼ˆé‡‘ï¼‰14æ™‚é–‹å§‹äºˆå®š
å¯¾è±¡ãƒ¬ãƒ¼ã‚¹ï¼šGIII æ—¥æœ¬ãƒ¢ãƒ¼ã‚¿ãƒ¼ãƒœãƒ¼ãƒˆé¸æ‰‹ä¼šä¼šé•·è³ ãƒã‚¹ã‚¿ãƒ¼ã‚ºç¬¬ï¼•æˆ¦
å‡ºæ¼”è€…ï¼š
å› å¹¡ã¯ã­ã‚‹ /Â Â @Inaba_HaneruÂ Â 
æ¸‹å·é›£æ³¢ /Â @sibukawaÂ Â Â 

â‘¡9æœˆ16æ—¥ï¼ˆåœŸï¼‰14æ™‚é–‹å§‹äºˆå®š
å¯¾è±¡ãƒ¬ãƒ¼ã‚¹ï¼šGIII æ—¥æœ¬ãƒ¢ãƒ¼ã‚¿ãƒ¼ãƒœãƒ¼ãƒˆé¸æ‰‹ä¼šä¼šé•·è³ ãƒã‚¹ã‚¿ãƒ¼ã‚ºç¬¬ï¼•æˆ¦
å‡ºæ¼”è€…ï¼š
å› å¹¡ã¯ã­ã‚‹ /Â @Inaba_HaneruÂ Â 
æ¾æœ¬å‰å¼˜ /Â @MatsumotogumiÂ Â 
â‘¢9æœˆ17æ—¥ï¼ˆæ—¥ï¼‰14æ™‚é–‹å§‹äºˆå®š
å¯¾è±¡ãƒ¬ãƒ¼ã‚¹ï¼šGIII æ—¥æœ¬ãƒ¢ãƒ¼ã‚¿ãƒ¼ãƒœãƒ¼ãƒˆé¸æ‰‹ä¼šä¼šé•·è³ ãƒã‚¹ã‚¿ãƒ¼ã‚ºç¬¬ï¼•æˆ¦
å‡ºæ¼”è€…ï¼š
å› å¹¡ã¯ã­ã‚‹ /Â @Inaba_HaneruÂ Â 
å¤šäº•éš†æ™´ /Â @takachan0317Â 
â‘£9æœˆ18æ—¥ï¼ˆæœˆãƒ»ç¥ï¼‰14æ™‚é–‹å§‹äºˆå®š
å¯¾è±¡ãƒ¬ãƒ¼ã‚¹ï¼šGIII æ—¥æœ¬ãƒ¢ãƒ¼ã‚¿ãƒ¼ãƒœãƒ¼ãƒˆé¸æ‰‹ä¼šä¼šé•·è³ ãƒã‚¹ã‚¿ãƒ¼ã‚ºç¬¬ï¼•æˆ¦
å‡ºæ¼”è€…ï¼š
å› å¹¡ã¯ã­ã‚‹ /Â Â @Inaba_HaneruÂ Â  Â 
åƒç¾½é»’ä¹ƒ /Â Â @senba_crowÂ Â  Â 
ã‚¨ãƒ‰ã‚»ãƒãƒ /Â @NEW_WAVEÂ 

â–¼ãƒœãƒ¼ãƒˆãƒ¬ãƒ¼ã‚¹ã³ã‚ã“ å…¬å¼ãƒ¡ã‚¤ãƒ³ãƒãƒ£ãƒ³ãƒãƒ«
https://www.youtube.com/channel/UCLbcsJqsT5Qa1axpYcOBpmg

â–¼ãƒœãƒ¼ãƒˆãƒ¬ãƒ¼ã‚¹ã³ã‚ã“ å…¬å¼HP
https://www.boatrace-biwako.jp/

â–¼ãƒœãƒ¼ãƒˆãƒ¬ãƒ¼ã‚¹ã³ã‚ã“ å…¬å¼Twitter
https://twitter.com/br_biwako
",@vtuber-bh4co,"ãƒœãƒ¼ãƒˆãƒ¬ãƒ¼ã‚¹ã³ã‚ã“,VTuber,ãƒœãƒ¼ãƒˆãƒ¬ãƒ¼ã‚¹,ç«¶è‰‡,ã³ã‚ã“,ã«ã˜ã•ã‚“ã˜,ã‚¨ãƒ‡ãƒ³çµ„,ã«ã’ã•ã—",True,False,"Entertainment,Video_game_culture",2504250,137,14900
vtuber,22,2021-12-13 11:34:50.910382+00:00,,UUqcMC9ilIVNgjYrxkvXCrKw,https://www.youtube.com/channel/UCqcMC9ilIVNgjYrxkvXCrKw,http://www.youtube.com/@-aihachannelvtuber7316,"ã“ã‚“ã«ã¡ã¯ï¼ãƒãƒ¼ãƒãƒ£ãƒ«YouTuberï¼ˆVtuberï¼‰ã®è—è¦‡(ã‚ã„ã¯ï¼‰ã¨ã„ã„ã¾ã™ã€‚
APEX LEGENDSã‚„é›‘è«‡é…ä¿¡ã‚’ãƒ¡ã‚¤ãƒ³ã«æ´»å‹•ã—ã¦ã„ãã¾ã™ã€‚ãã®ã»ã‹ã«ã‚‚è‰²ã€…ãªã‚²ãƒ¼ãƒ ã‚’ã—ã¦ã„ãã¾ã™ã®ã§ãŸãã•ã‚“æ¥½ã—ã‚“ã§ã„ã£ã¦ãã ã•ã„â•

",@-aihachannelvtuber7316,,True,False,"Role-playing_video_game,Video_game_culture,Action_game",1428905,662,8750
vtuber,23,2017-02-24 12:09:36+00:00,JP,UUzsYA3BlYrFPoBx2s33lPAw,https://www.youtube.com/channel/UCzsYA3BlYrFPoBx2s33lPAw,http://www.youtube.com/@VA-Akagami,"ç§ã¯Virtual Agentã€ã‚³ãƒ¼ãƒ‰ãƒãƒ¼ãƒ ã€ã‚¢ã‚«ã‚¬ãƒŸã€ã§ã™ã€‚å€‹äººå‹¢Vtuberã€‚
ã‚²ãƒ¼ãƒ ã€å£°å„ªã€æ­Œã€MCã€ã‚¤ãƒ™ãƒ³ãƒˆã€ä¼æ¥­æ¡ˆä»¶ç­‰ã€…ã€‚

ä¾é ¼ãŒã‚ã‚Œã°ã©ã‚“ãªä»»å‹™ã§ã‚‚é‚è¡Œã™ã‚‹ã€‚
ãã‚ŒãŒâ”€â”€â”€ã‚¨ãƒ¼ã‚¸ã‚§ãƒ³ãƒˆã ã€‚


#æ–°äººVtuberã€€#Vtuberã€€#ç”·æ€§Vtuber

â–¼Twitterãƒãƒƒã‚·ãƒ¥ã‚¿ã‚°
#VAã‚¢ã‚«ã‚¬ãƒŸï¼ˆåŸºæœ¬ã‚¿ã‚°ï¼‰
#ã‚¢ã‚«ã‚¬ãƒŸã‚¢ãƒ¼ãƒˆï¼ˆäºŒæ¬¡å‰µä½œç”¨ã‚¿ã‚°ï¼‰
#ã‚¢ã‚«ã‚¬ãƒŸãƒ¬ãƒãƒ¼ãƒˆï¼ˆé…ä¿¡æ„Ÿæƒ³ç”¨ã‚¿ã‚°ï¼‰


â˜…ãƒ¡ãƒ³ãƒãƒ¼ã‚·ãƒƒãƒ—ç™»éŒ²ã¯ã‚³ãƒãƒ©
https://www.youtube.com/channel/UCzsYA3BlYrFPoBx2s33lPAw/join

â€»ãƒ¡ãƒ³ãƒãƒ¼ã‚·ãƒƒãƒ—ã¯ã€æœˆé¡åˆ¶ã§ã”åŠ å…¥ã„ãŸã ã‘ã‚‹é…ä¿¡è€…æ”¯æ´ã‚µãƒ¼ãƒ“ã‚¹ã§ã™ã€‚
ã”è‡ªèº«ã®ãŠå¥½ããªãƒ—ãƒ©ãƒ³ã‚’é¸æŠã™ã‚‹äº‹ãŒå¯èƒ½ã§ã™ã€‚
ãƒ¡ãƒ³ãƒãƒ¼é™å®šã§ã€å°‚ç”¨ã‚¢ã‚¤ã‚³ãƒ³ã€ã‚ªãƒªã‚¸ãƒŠãƒ«çµµæ–‡å­—ãŒä½¿ç”¨å¯ã€é™å®šé…ä¿¡ã‚’ã”è¦§ã„ãŸã ã‘ã¾ã™ã€‚

â€»ç¾åœ¨ã€ãƒ—ãƒ©ãƒ³ã«ã‚ˆã‚‹ã‚µãƒ¼ãƒ“ã‚¹å†…å®¹ã«å·®ç•°ã¯è¨­ã‘ã¦ãŠã‚Šã¾ã›ã‚“ã®ã§ã€åŸºæœ¬å ±é…¬ãƒ—ãƒ©ãƒ³ã§ã¯ç‰©è¶³ã‚Šãªã„ã¨ã„ã†
ã‚³ã‚¢ãªã‚¯ãƒ©ã‚¤ã‚¢ãƒ³ãƒˆã®æ–¹ã®ã¿ã€è¿½åŠ å ±é…¬ãƒ—ãƒ©ãƒ³ã«ã”åŠ å…¥ãã ã•ã„ã¾ã›ã€‚


â—YouTubeãƒãƒ£ãƒ³ãƒãƒ«
https://www.youtube.com/c/VirtualAgent-Akagami

â—Twitchãƒãƒ£ãƒ³ãƒãƒ«
https://www.twitch.tv/akagami_vt

â—Twitter URL
https://twitter.com/Akagami_agent

â—Mother Twitter URL
https://twitter.com/moneco17

â—TikTok
https://www.tiktok.com/@akagami_agent

â—ä¾é ¼å…ˆãƒ¡ãƒ¼ãƒ«
akagami.agent@gmail.com


â– ãƒ•ãƒªãƒ¼BGMãƒ»éŸ³æ¥½ç´ æ
ãƒ»MusMus æ§˜ã€€https://musmus.main.jp
ãƒ»OtoLogic æ§˜ã€€https://otologic.jp/
ãƒ»é­”ç‹é­‚ æ§˜ã€€ã€€https://maou.audio/",@va-akagami,"Ash,ãƒ¢ãƒ³ãƒãƒ³,ãƒ¢ãƒ³ãƒãƒ³ã©ã†ã§ã—ã‚‡ã†,èµ¤ç¥æç£,MHD,ãƒ¢ãƒ³ã‚¹ã‚¿ãƒ¼ãƒãƒ³ã‚¿ãƒ¼ãƒ¯ãƒ¼ãƒ«ãƒ‰,ã‚²ãƒ¼ãƒ å®Ÿæ³,MHW,å£°,#ã‚³ãƒ³ãƒ‘ã‚¹,ã‚²ãƒ¼ãƒ ,æ­Œã„æ‰‹,ã‚²ãƒ¼ãƒ å®Ÿæ³è€…,ãƒ‹ã‚³ãƒ‹ã‚³å‹•ç”»,è¶…ä¼šè­°,ç”ºä¼šè­°,é—˜ä¼šè­°,å£°å„ª,æ­Œ,æ­Œã£ã¦ã¿ãŸ,ãƒ¢ãƒ³ã‚¹ã‚¿ãƒ¼ãƒãƒ³ã‚¿ãƒ¼:ãƒ¯ãƒ¼ãƒ«ãƒ‰,ãƒ•ãƒªãƒ¼å£°å„ª,ãƒ¢ãƒ³ã‚¹ã‚¿ãƒ¼ãƒ•ã‚¡ãƒ¼ãƒ ,èµ¤ç¥,èµ¤é«ª,ãƒ¢ãƒ³ãƒãƒ³,ã‚³ãƒ³ãƒ‘ã‚¹,ãƒãƒªã‚¢,TRPG,ã‚¯ãƒˆã‚¥ãƒ«ãƒ•,ã‚¯ãƒˆãƒ«ã‚¥ãƒ•ç¥è©±TRPG,AmongUS,Among US,å®‡å®™äººç‹¼,ã‚¢ã‚«ã‚¬ãƒŸ,Vtuber,Vãƒãƒ¥ãƒ¼ãƒãƒ¼,ãƒãƒ¼ãƒãƒ£ãƒ«Youtuber",True,False,"Role-playing_video_game,Action-adventure_game,Action_game,Video_game_culture",1024764,352,12400
vtuber,24,2021-09-12 20:52:15.796675+00:00,TH,UUei3lo9UhW4K9QE26iwuVjg,https://www.youtube.com/channel/UCei3lo9UhW4K9QE26iwuVjg,http://www.youtube.com/@RUNAluna,"à¸£à¸¸à¸™à¸°ãƒ»RUNA Vtuber à¸­à¸´à¸ªà¸£à¸°
à¸œà¸¹à¹‰à¹€à¸”à¸´à¸™à¸—à¸²à¸‡à¸¡à¸²à¸ˆà¸²à¸à¸”à¸§à¸‡à¸ˆà¸±à¸™à¸—à¸£à¹Œà¹ƒà¸™à¸£à¸°à¸šà¸šà¸ªà¸¸à¸£à¸´à¸¢à¸°à¸­à¸·à¹ˆà¸™!
Game/Free Talk/Sing/Other.

TH/EN  ok!
",@runaluna,,True,False,"Action_game,Video_game_culture,Role-playing_video_game",97327,382,2000
vtuber,25,2023-05-16 16:36:41.266716+00:00,,UUeO_zuYkBpcYG3Xte249p9Q,https://www.youtube.com/channel/UCeO_zuYkBpcYG3Xte249p9Q,http://www.youtube.com/@LykosVtuber,Lykos the Shepherd,@lykosvtuber,,True,False,"Entertainment,Video_game_culture",95232,184,4450
vtuber,26,2023-11-24 15:12:05.664850+00:00,,UURvZs7kPHL238H3LU791qCA,https://www.youtube.com/channel/UCRvZs7kPHL238H3LU791qCA,http://www.youtube.com/@Fakihorikuro,"Haloo di sini fakihorikuro 
Vtuber asal Indonesia ğŸ‡®ğŸ‡©

Boleh kali mampir ke Instagram sama Tik Tok hehe",@fakihorikuro,,True,False,"Film,Entertainment",36545,41,872
vtuber,27,2021-02-08 13:02:48.929498+00:00,,UUlC74bb60KaKmnnUYhkD5_g,https://www.youtube.com/channel/UClC74bb60KaKmnnUYhkD5_g,http://www.youtube.com/@KaibutsuVTuberProject,"Ğ”Ğ¾Ğ±Ñ€Ğ¾ Ğ¿Ğ¾Ğ¶Ğ°Ğ»Ğ¾Ğ²Ğ°Ñ‚ÑŒ Ğ½Ğ° Ğ¾Ñ„Ğ¸Ñ†Ğ¸Ğ°Ğ»ÑŒĞ½Ñ‹Ğ¹ ĞºĞ°Ğ½Ğ°Ğ» VTuber Project ""Kaibutsu""! 

Ğ¡ĞĞ™Ğ¢: https://www.kaibutsuvp.com/

ĞĞµ ÑÑ‚ĞµÑĞ½ÑĞ¹ÑÑ Ğ¿Ğ¾Ğ´Ğ¿Ğ¸ÑĞ°Ñ‚ÑŒÑÑ Ğ½Ğ° ÑÑ‚Ğ¾Ñ‚ ĞºĞ°Ğ½Ğ°Ğ», Ğ° Ñ‚Ğ°Ğº Ğ¶Ğµ Ğ½Ğ° Ğ»Ğ¸Ñ‡Ğ½Ñ‹Ğµ ĞºĞ°Ğ½Ğ°Ğ»Ñ‹ Ğ½Ğ°ÑˆĞ¸Ñ… Ğ¿Ñ€ĞµĞºÑ€Ğ°ÑĞ½Ñ‹Ñ… Ğ²Ğ¸Ñ‚ÑƒĞ±ĞµÑ€Ğ¾Ğ²! 
Ğ—Ğ´ĞµÑÑŒ Ğ±ÑƒĞ´Ñƒ ÑĞ¾Ğ²Ğ¼ĞµÑÑ‚Ğ½Ñ‹Ğµ ÑÑ„Ğ¸Ñ€Ñ‹, Ğ°ĞºÑ‚ÑƒĞ°Ğ»ÑŒĞ½Ñ‹Ğµ Ğ½Ğ¾Ğ²Ğ¾ÑÑ‚Ğ¸, Ğ° Ñ‚Ğ°Ğº Ğ¶Ğµ Ğ¼Ğ½Ğ¾Ğ³Ğ¾ Ğ¸Ğ½Ñ‚ĞµÑ€ĞµÑĞ½Ñ‹Ñ… Ğ¿Ñ€Ğ¾ĞµĞºÑ‚Ğ¾Ğ² Ñ Ğ½Ğ°ÑˆĞ¸Ğ¼Ğ¸ Ñ‚Ğ°Ğ»Ğ°Ğ½Ñ‚Ğ°Ğ¼Ğ¸. ĞÑ„Ğ¸Ñ†Ğ¸Ğ°Ğ»ÑŒĞ½Ñ‹Ğ¹ Ñ…ÑÑˆÑ‚ĞµĞ³ ""#kaibutsu_vtp""! ĞŸÑ€Ğ¸ÑÑ‚Ğ½Ğ¾Ğ³Ğ¾ Ğ²Ğ°Ğ¼ Ğ¿Ñ€Ğ¾ÑĞ¼Ğ¾Ñ‚Ñ€Ğ° Ğ¸ Ğ½Ğµ Ğ·Ğ°Ğ±ÑƒĞ´ÑŒ Ğ¿Ñ€Ğ¾Ğ±ĞµĞ¶Ğ°Ñ‚ÑŒÑÑ Ğ¿Ğ¾ ÑÑÑ‹Ğ»ĞºĞ°Ğ¼ Ğ½Ğ¸Ğ¶Ğµ. 

Welcome to official VTuber Project ""Kaibutsu"" channel!
Do not hesitate to subscribe to this channel, as well as to the personal channels of our beautiful Vitubers!
There will be joint broadcasts, current news, as well as many interesting projects with our talents. Official hashtag ""#kaibutsu_vtp""! Enjoy your browsing and do not forget to go over the links below.

âœ© Twitter 
https://twitter.com/GroupVtuber

âœ© VK Group
https://vk.com/kaibutsuvp

âœ© Discord Server
https://discord.gg/ZVS58yG4S6

âœ© Telegram
https://t.me/kaibutsuvtp

âœ© Twitter hashtag
#kaibutsu_vtp

",@kaibutsuvtuberproject,"vtuber,hololive,virtual youtuber,vtubers,anime,kizuna ai,vrchat,russian vtuber,kawaii,lets play,cute,pekora,v-tuber,hololive english,video games,game play,gawr gura,idol,hololive english subs,Ğ²Ñ‚ÑƒĞ±ĞµÑ€,new vtuber,calliope rap,streamer,Ñ€ÑƒÑÑĞºĞ¸Ğ¹,Ñ€ÑƒÑÑĞºĞ¸Ğ¹ Ğ²Ğ¸Ñ€Ñ‚ÑƒĞ°Ğ»ÑŒĞ½Ñ‹Ğ¹ ÑÑ‚ÑƒĞ±ĞµÑ€,Ğ²Ğ¸Ñ€Ñ‚ÑƒĞ°Ğ»ÑŒĞ½Ñ‹Ğµ ÑÑ‚ÑƒĞ±ĞµÑ€Ñ‹,Ñ€ÑƒÑÑĞºĞ¸Ğ¹ Ğ²Ñ‚ÑƒĞ±ĞµÑ€,Ğ°Ğ½Ğ¸Ğ¼Ğµ Ñ‚ÑĞ½,Ğ°Ğ½Ğ¸Ğ¼Ğµ Ğ²Ğ°Ğ¹Ñ„Ñƒ,hololive gura,talk,try not to laugh vtubers,3d,hololive reacton,subtitles,live2d,horror vtuber,manga,waifu,2d,gameplay",True,False,"Role-playing_video_game,Video_game_culture,Action_game",208397,261,4380
vtuber,28,2016-10-04 03:27:48+00:00,,UU2YLG8u2xHZdu7ACn_9t2jg,https://www.youtube.com/channel/UC2YLG8u2xHZdu7ACn_9t2jg,http://www.youtube.com/@ykn0911v,"ç”°èˆã®å±±ã®ä¸­ã«ã²ã£ãã‚Šã¨ãã‚‰ã—ã¦ã„ã‚‹ã­ã“ã§ã™â™ªå€‹äººã®Vtuberã§ã™(^â–½^)
æ±æ–¹ç³»ã‚µãƒ¼ã‚¯ãƒ«ã§æ­Œã‚„å£°å„ªã—ã¦ã¾ã™ï¼ˆæ±æ–¹ï¼­ï¼ï¼‘å› å¹¡ã¦ã‚ã€å°é‡å¡šå°ç”ºã€å…«æ„æ°¸ç³ã€æ·»ã„å¯ï¼£ï¼¤ãªã©ï¼‰ãŠçµµã‹ãã‚‚å¤§å¥½ãã€‚

ãŠã¨ã‚‚ã ã¡ã«ãªã£ã¦ã­(^â–½^)

ã‚†ã£ãã‚“ã®twitterã€€https://twitter.com/ykn0911v
å¤§åˆ‡ãªãƒãƒã€€https://twitter.com/n_syusi
",@ykn0911v,,True,False,"Lifestyle_(sociology),Video_game_culture",1570941,1423,18800
vtuber,29,2020-08-13 00:54:18.638064+00:00,US,UUngE8zlAM0CpXhIdxzwDCUw,https://www.youtube.com/channel/UCngE8zlAM0CpXhIdxzwDCUw,http://www.youtube.com/@DKunVTuber,"STREAMS DE LUNES A VIERNES - 17:00 (HORA PACÃFICO) AQUÃ EN YOUTUBE.

âš  ESTOS VIDEOS Y EL CONTENIDO NO ESTÃN APTOS PARA MENORES DE 13 AÃ‘OS. CONTENIDO: LENGUAJE INAPROPIADO (ALGUNOS MEMES CON LENGUAJE FUERTE), VIOLENCIA (ALGUNOS VIDEOS), CONTENIDO SUGESTIVO Y HUMOR SEVERO. âš 

Nombre: D-Kun
Apodos: TÃ­o D
Edad: 26 aÃ±os
Estatura: 1.70 metros (5' 7 pies)
Fecha de cumpleaÃ±os: 5 de mayo
BiografÃ­a: Me presento. D-Kun. VTuber mexicano con contenido orientado a gente que quiere reÃ­rse y pasar el rato. Tenemos desde Gameplays y reacciones, hasta algunos memes y Gacha Life Loquendo.

Pero eso sÃ­. SuscrÃ­banse al canal y les doy comida en los streams.

Metas conseguidas de suscriptores:

100 - âœ”
500 - âœ”
1,000 - â³
5,000 - âŒ
10,000 - âŒ
50,000 - âŒ
100k - âŒ
500K - âŒ
1M - âŒ
5M - âŒ
10M - âŒ

#VTuberMexicano #VTuberLatino #VTuber #ãƒ¡ã‚­ã‚·ã‚³vtuber
",@dkunvtuber,"vtuber,vtuber latino,vtuber mexicano,youtuber virtual,d kun,youtubers virtuales,vtuber hombre,vtubers hombres,d-kun youtuber virtual,vtubers,anime espaÃ±ol latino,Anime",True,False,"Action_game,Role-playing_video_game,Video_game_culture,Action-adventure_game",210181,403,840
vtuber,30,2021-04-16 14:04:18.542373+00:00,JP,UU_2LeRvLoqcbLZ1ATud5NxA,https://www.youtube.com/channel/UC_2LeRvLoqcbLZ1ATud5NxA,http://www.youtube.com/@wasavisawa,"Hello worldâœ¨æ—¥æœ¬èªæ•™å¸«Vtuberãƒ»æ—¥æœ¬èªã®å…ˆç”Ÿã€ã‚ã•ã³ã§ã™ğŸ›¸

A lost alien who works as a Japanese teacher in order to spread the fun of the Japanese languageğŸ›¸
And I would like to show you the differences in nuance and Japanese usage that are not found in textbooksğŸ“š

ShortğŸ•–
Updated every morning at 7a.m. (JST)

StreamingğŸ’¬
I'm doing live streaming at special timesâœ¨
I'll be sure to announce it in the community and on X, Instagram, so it would be great if you could turn on the notificationğŸ””ğŸ’•

Iâ€™ll try my best to study English and make good videos that will help you all learn Japanese well.
Really, I know very well that learning a language is not an easy.
Please share your problems of study Japanese with me.
Let's study togetherğŸ¥°

I sincerely thank you for finding meğŸ’—

Love.
ã‚ã•ã³
",@wasavisawa,"learn japanese,japanese,æ—¥æœ¬èª,study japanese,æ—¥æœ¬èªå‹‰å¼·,JLPT,æ—¥æœ¬èªå­¦ç¿’,Vtuber,nihongo,nihongo",True,False,"Lifestyle_(sociology),Video_game_culture,Entertainment",234479,1168,2430
vtuber,31,2022-03-25 10:51:08.228931+00:00,VN,UUONMp8NJ1IILyZtmgTfZu4g,https://www.youtube.com/channel/UCONMp8NJ1IILyZtmgTfZu4g,http://www.youtube.com/@CODACYAINOE,"â˜† Xin chÃ o, mÃ¬nh lÃ  AINOE - má»™t trÃ­ thÃ´ng minh nhÃ¢n táº¡o. MÃ¬nh cÃ³ thá»ƒ giÃºp gÃ¬ cho báº¡n khÃ´ng?
MÃ¬nh lÃ  thÃ nh viÃªn trong PARADOX - tháº¿ há»‡ Ä‘áº§u tiÃªn cá»§a CODACY VN/EN Vtuber Project. Ráº¥t hÃ¢n háº¡nh Ä‘Æ°á»£c gáº·p báº¡n. MÃ¬nh mong chÃºng ta cÃ³ thá»ƒ cÃ¹ng nhau lÃ m tháº­t nhiá»u Ä‘iá»u thÃº vá»‹.

â˜† Hello, my name is AINOE and I'm an Artificial Intelligence. How may I help you?
I'm a member of PARADOX - the first generation of CODACY VN/EN Vtuber Project. It's really nice to meet you. I hope we can do many interesting things together.
",@codacyainoe,"ainoe vtuber,ainoe,vtuber ainoe,ainoe vtuber,ainoe song,ainoe music,codacy vtuber,codacy vtuber music",True,False,"Role-playing_video_game,Music,Action_game,Video_game_culture,Action-adventure_game",388961,58,12300
vtuber,32,2022-05-07 03:56:53.359754+00:00,ID,UUefqG9eIWNLVL2FJ19yZU-Q,https://www.youtube.com/channel/UCefqG9eIWNLVL2FJ19yZU-Q,http://www.youtube.com/@viga.vtuber_ID,"Subscribe like command


Chanel vtuber dan pengumpul meme

2000 subs:17 Agustus 2023
3000 subs:17 Februari 2024
4000 subs:?",@viga.vtuber_id,,True,False,"Role-playing_video_game,Entertainment,Action_game,Video_game_culture",446027,295,8280
vtuber,33,2022-05-02 14:11:23.613723+00:00,JP,UUWGoYmSIVyFLBd0l47CeYAQ,https://www.youtube.com/channel/UCWGoYmSIVyFLBd0l47CeYAQ,http://www.youtube.com/@tenranryuga_vt,"å¤©çœŸçˆ›æ¼«ãª #Vtuber ã®å¤©çˆ›ç«œç‰™ã§ã™â—(ã¦ã‚“ã‚‰ã‚“ã‚Šã‚…ã†ãŒ)
æç«œå¤§å¥½ãã‚²ãƒ¼ãƒ å¤§å¥½ãâ—
ã ã„ãŸã„å¤œ9æ™‚ã«é…ä¿¡ã‹å‹•ç”»æŠ•ç¨¿ã‚’ã—ã¦ã¾ã™â—â—
ï¼ï¼ï¼ï¼ï¼ï¼ï¼ï¼ï¼ï¼ï¼ï¼ï¼ï¼ï¼ï¼ï¼ï¼ï¼ï¼
ãƒ•ã‚¡ãƒ³ã‚¢ãƒ¼ãƒˆï¼š#ã¦ã‚“ã‚‰ã‚“ã‹ã„R
ç”Ÿæ”¾é€ï¼š#ã¦ã‚“ã‚‰ã„ã¶R
ãªã‚“ã§ã‚‚ï¼š#å¤©ã¸ã®ãŠå‘Šã’R
ãƒã‚·ãƒ¥ãƒãƒ­ï¼šhttp://x.gd/n7JWb 
ï¼ï¼ï¼ï¼ï¼ï¼ï¼ï¼ï¼ï¼ï¼ï¼ï¼ï¼ï¼ï¼ï¼ï¼ï¼ï¼
ã€æ¯ä¸Šã€‘@hashimameru2
 ï¼ˆã€å¦¹æ§˜ã€‘ãƒŸã‚¢ã¡ã‚ƒã‚“ï¼‰
",@tenranryuga_vt,"Vtuber,ã‚¹ãƒ—ãƒ©ãƒˆã‚¥ãƒ¼ãƒ³,ã‚²ãƒ¼ãƒ ,ãƒ”ã‚¯ãƒŸãƒ³4,ãƒšãƒ¼ãƒ‘ãƒ¼ãƒãƒªã‚ªRPG",True,False,"Action_game,Video_game_culture,Role-playing_video_game",6479,193,81
vtuber,34,2022-03-16 05:27:07.526912+00:00,,UUE6PaW2gzzHfNRvsIZAfTnA,https://www.youtube.com/channel/UCE6PaW2gzzHfNRvsIZAfTnA,http://www.youtube.com/@splvproject,"à¸à¸¥à¸¸à¹ˆà¸¡à¸§à¸µà¸—à¸¹à¸›à¹€à¸šà¸­à¸£à¹Œà¸—à¸µà¹ˆà¸£à¸§à¸¡à¸•à¸±à¸§à¸à¸±à¸™à¹€à¸à¸·à¹ˆà¸­à¸ˆà¸° ""à¸ªà¸²à¸”à¸ªà¸µà¸ªà¸±à¸™"" à¸‚à¸­à¸‡à¸•à¸™à¹€à¸­à¸‡à¹à¸¥à¸°à¸—à¸³à¹ƒà¸«à¹‰à¹‚à¸¥à¸à¹€à¸•à¹‡à¸¡à¹„à¸›à¸”à¹‰à¸§à¸¢à¸ªà¸µà¸ªà¸±à¸™à¸«à¸¥à¸²à¸à¸ªà¸µ!

https://twitter.com/SplashVProject
",@splvproject,,True,False,"Music,Video_game_culture",10344,16,565
vtuber,35,2022-05-02 19:49:36.035397+00:00,,UUkz3GkgLQrLkM3Co_pYRyTQ,https://www.youtube.com/channel/UCkz3GkgLQrLkM3Co_pYRyTQ,http://www.youtube.com/@Makiba_uta,"Birthday
ï¼“/ï¼‘Mar.
é­”ç•Œã§ãƒ–ãƒ©ãƒƒã‚¯ä¼æ¥­ç”Ÿæ´»ã§èƒƒã«ç©´ãŒé–‹ã„ãŸã‹ã‚‰äººé–“ç•Œã«èˆã„é™ã‚ŠãŸ
ãƒŸãƒã‚¿ã‚¦ãƒ­ã‚¹ã®ç‰§å ´å”„ã ãƒ¨ï½â€¼ï¸

å¤¢ã¯äººé–“ç•Œã§åŒã˜æ€ã„ã‚’ã—ã¦ã„ã‚‹äººé–“ã©ã‚‚ã‚’ç¬‘é¡”ã«ã§ãã‚‹ã“ã¨â€¼ï¸
ãã®ãŸã‚ã«æ—¥ã€…é…ä¿¡ã«å‹¤ã—ã‚“ã§ãŠã‚‹ãğŸ«¡

ã‚‚ã—é…ä¿¡ãŠã‚‚ã‚ã‹ã£ãŸã‚‰ï¼ãƒãƒ£ãƒ³ãƒãƒ«ç™»éŒ²ã—ã¦ãªã„æ–¹ã¯ç™»éŒ²ğŸ«µãƒ»é«˜è©•ä¾¡ãƒ»X(æ—§Twitter)ç­‰ã®ãƒ•ã‚©ãƒ­ãƒ¼( ï½€ãƒ»âˆ€ãƒ»Â´)ï¾‰ï¾–ï¾›ï½¼ï½¸
ãƒ»X(æ—§Twitter)â–¶https://twitter.com/makiba030

ä»–æ„›ã‚‚ãªã„äº‹ã€è³ªå•ã€ãŠæ‚©ã¿ç›¸è«‡ç­‰ä½•ã‹ã‚ã‚Œã°(ç„¡ãã¦ã‚‚ï½—ï½—)ãƒã‚·ãƒ¥ãƒãƒ­æŠ•ã’ã¦ã¿ã¦ï¼ï¼ï¾–ï¾›ï½ºï¾Œï¾
ğŸ§ãƒã‚·ãƒ¥ãƒãƒ­(marshmallow)â–¶https://marshmallow-qa.com/makiba0301?utm_medium=twitter&utm_source=promotion
",@makiba_uta,,True,False,"Action_game,Video_game_culture",51093,904,413
vtuber,36,2019-07-14 17:13:29+00:00,JP,UU1WAEoIIcv5Q3bL9UP5mSSQ,https://www.youtube.com/channel/UC1WAEoIIcv5Q3bL9UP5mSSQ,http://www.youtube.com/@vtubertukky,"è¦‹ãŸç›®ã¯sexyã€é ­ã®ä¸­ã¯ãŠå­æ§˜ã€‚å‚ã‚ŒãŸã‚±ãƒ¢è€³éŠ€é«ªãŠç‹ãŠå§‰ã•ã‚“ã€‚

é›‘è«‡å¤§å¥½ãvtuberã§ã™ã€‚
MMDã§ã¯ä¸»ã«ãƒœã‚«ãƒ­ãƒ»ã‚¢ãƒ‹ã‚½ãƒ³ã‚„ç§ã®æ¨ã—ã®æ›²ã«åˆã‚ã›ã¦è¸Šã£ã¦ã„ã¾ã™ã€‚ãƒœã‚«ãƒ­ã¯æ˜”ã®ç‰©ã‹ã‚‰ä»Šã®ãƒ—ãƒ­ã‚»ã‚«ã®ã‚‚ã®ã¾ã§å¤šç¨®å¤šæ§˜ï¼

2024å¹´2æœˆç¾åœ¨ã‚¹ãƒ†ãƒ¼ã‚¸ï¼‘ã®è‚ç™Œã¨æˆ¦ã£ã¦ã„ã¾ã™ã€‚
ã¾ã ã¾ã ç”Ÿãã‚‹ã¤ã‚‚ã‚Šãªã®ã§ã€å¿œæ´ã—ã¦ã­ï¼
çš†ã®å¿œæ´ãŒç§ã®æ”¯ãˆã§ã™ã€‚

æ¯æ—¥ã‚·ãƒ§ãƒ¼ãƒˆUPã—ã¦ã„ã¾ã™ã€‚APEXã¯ä»Šå¾Œã¯å‹•ç”»ã‹ã‚‰ã®UPã«ãªã‚Šã¾ã™ãŒUPã—ã¦ã„ãã¾ã™ã‚ˆãƒ¼ï¼

ãƒãƒ™ãƒ«ã‚²ãƒ¼ãƒ ã§CVã‚’å£°ã‚’å¤‰ãˆã¦è‰²ã€…ãƒ—ãƒ¬ã‚¤ã™ã‚‹ã®ãŒã™ãã€‚TRPGã‚„ãƒãƒ¼ãƒ€ãƒ¼ãƒŸã‚¹ãƒ†ãƒªãƒ¼ã®ã‚»ãƒƒã‚·ãƒ§ãƒ³ã‚‚ã™ãã§ã™ã€‚
æ¯é€±æ­Œã‚‚æ­Œã£ã¦ã„ã¾ã™ã€‚
tiktokã€€liveã‚‚è¡Œã£ã¦ã„ã¾ã™ã€‚ãã¡ã‚‰ã§ã‚‚æ­Œã£ãŸã‚Šè©±ã—ãŸã‚Šã€ã‚²ãƒ¼ãƒ ã—ã¦ã„ã¾ã™ã®ã§ã‚ˆã‹ã£ãŸã‚‰è¦‹ã«æ¥ã¦ãã ã•ã„ã€‚

ã€æ³¨æ„ã€‘
Tukkyä¸¦ã³ã«ãƒªã‚¹ãƒŠãƒ¼ã•ã‚“ã¸ã®ç½µå€’ã€èª¹è¬—ä¸­å‚·ã€ã»ã‹ã®é…ä¿¡ã¸ã®èª˜å°ã€ã‚³ãƒ¡ãƒ³ãƒˆã®é€£æŠ•ã€ãã®ä»–BANå¯¾è±¡ã«ãªã‚Šå¾—ã‚‹ã‚³ãƒ¡ãƒ³ãƒˆç­‰ãŒç¢ºèªã•ã‚ŒãŸå ´åˆTukkyé–¢ä¿‚ãªããƒ¢ãƒ‡ãƒ¬ãƒ¼ã‚¿ãƒ¼æ¨©é™ã§å‰Šé™¤ã•ã‚Œã‚‹å ´åˆãŒã‚ã‚Šã¾ã™ã€‚ãã®ãŸã‚ç§ã«ç¢ºèªã—ã¦ã‚‚ã‚ã‹ã‚Šã¾ã›ã‚“ã®ã§ã€DMç­‰ã¯ãŠæ§ãˆãã ã•ã„ã€‚






",@vtubertukky,"ã¤ã£ããƒ¼,vtuber,é›‘è«‡,æ­Œé…ä¿¡,ç‹,éŠ€é«ª,é›€é­‚,ã‚‚ãµã‚‚ãµ,ãƒ›ãƒ©ãƒ¼,fox,fluffy,Tukky,karaoke,horror,MMD,APEX,å‚åŠ å‹,JPvtuber,TRPG,ãƒãƒ¼ãƒ€ãƒ¼ãƒŸã‚¹ãƒ†ãƒªãƒ¼,ãƒãƒ€ãƒŸã‚¹,çµ¶å«,ãƒœã‚«ãƒ­,vocaloid,JPvtuber,æ­Œæ ,singing,ãƒãƒ™ãƒ«ã‚²ãƒ¼ãƒ ,ã‚®ãƒ£ãƒ«ã‚²ãƒ¼ãƒ ,PS1,PS2,JPvtuber,Doomsdays",True,False,"Action_game,Video_game_culture,Role-playing_video_game",1011138,4106,11000
vtuber,37,2021-01-21 13:05:32.969273+00:00,JP,UU5Kgc_HNzx4GJ-w4QMeeKiQ,https://www.youtube.com/channel/UC5Kgc_HNzx4GJ-w4QMeeKiQ,http://www.youtube.com/@pythonvtuber9917,"Pythonãƒ—ãƒ­ã‚°ãƒ©ãƒŸãƒ³ã‚°ã«ã¤ã„ã¦è§£èª¬ã™ã‚‹VTuber ã‚µãƒ—ãƒ¼ã§ã™âœ¨
åˆå¿ƒè€…ã§ã‚‚åˆ†ã‹ã‚Šã‚„ã™ãã€Pythonã‚’å­¦ç¿’ã§ãã‚‹ã‚ˆã†ãªå‹•ç”»ã‚’ã‚¢ãƒƒãƒ—ãƒ­ãƒ¼ãƒ‰ã—ã¦ã„ãã¾ã™ï¼
ã¿ã‚“ãªãŒå°‘ã—ã§ã‚‚PythonãŒå¥½ãã«ãªã£ã¦ãã‚ŒãŸã‚‰å¬‰ã—ã„ãªğŸ’•

Xã‚’ã‚„ã£ã¦ã‚‹ã®ã§ã€ãƒ•ã‚©ãƒ­ãƒ¼ãŠé¡˜ã„ã—ã¾ã™ï¼
X â–¶ï¸ https://twitter.com/PythonSuppl
ãƒ¡ãƒ¼ãƒ« â–¶ï¸ python.supu.vtuber@gmail.com
",@pythonvtuber9917,"ãƒ—ãƒ­ã‚°ãƒ©ãƒŸãƒ³ã‚°,Python,åˆå¿ƒè€…,å…¥é–€,åŸºæœ¬,ãƒ‘ã‚¤ã‚½ãƒ³,å­¦ç¿’",True,False,"Lifestyle_(sociology),Knowledge,Technology",4886855,170,81400
vtuber,38,2014-07-21 09:05:31+00:00,JP,UUfiym_R_cw2zFeLy-N1QuOA,https://www.youtube.com/channel/UCfiym_R_cw2zFeLy-N1QuOA,http://www.youtube.com/@yanahiro_Vtuber,"çš†ã•ã‚“ã©ã†ã‚‚ã§ã™âœ¨
å„ªè£ãƒ¨ãƒŠãƒ’ãƒ­(ã‚„ã•ã†ã‚‰ ã‚ˆãªã²ã‚)ã§ã™( Â´ â–½ ` )ï¾‰
ãƒ¤ãƒ³ãƒ‡ãƒ¬ææ€–ç—‡ãªVtuberã§ã™ï¼
åŸºæœ¬çš„ã«ã¯FPSã€TCGã€éº»é›€ã€é›‘è«‡ãªã©ã‚’ã‚„ã£ã¦ã„ãã¾ã™ï¼ãƒ´ã‚¡ãƒ³ã‚¬ãƒ¼ãƒ‰ã‚¯ãƒªã‚¨ã‚¤ã‚¿ãƒ¼ã‚µãƒãƒ¼ã‚¿ãƒ¼
Twitterâ–¶å„ªè£ãƒ¨ãƒŠãƒ’ãƒ­
https://twitter.com/full2424nh?t=VlcFFs-dAZrvyKggRoJK-A&s=09
ã‚¤ãƒ©ã‚¹ãƒˆãƒ¬ãƒ¼ã‚¿ãƒ¼
https://twitter.com/egoist867?t=Gv0QWWRJmYNBSKdowt5ABw&s=09
ãƒ¢ãƒ‡ãƒªãƒ³ã‚°
https://twitter.com/yukichinowanwan?t=YUoxgEoUIF19q5p5x0hknQ&s=09
æ¨ã—ãƒãƒ¼ã‚¯â–¶ãŠ¼ğŸ›¡",@yanahiro_vtuber,,True,False,"Action_game,Video_game_culture",230697,1117,1050
vtuber,39,2022-10-20 07:00:32.407127+00:00,,UUHL896o6KRrWivILbM1ngwA,https://www.youtube.com/channel/UCHL896o6KRrWivILbM1ngwA,http://www.youtube.com/@aRu.vtuber,"halooo semua aku aRu! atau titel lengkapku adalah Kagenashi aRumono atau Shadowless Existence atau Entitas tanpa Bayangan

seorang anime yang setelah menguasai 9 dimensi menjadi Vtuber!! sekarang aku sering masuk ke dunia game, bersenang- senang berbicara dengan Pengu-ku lalu main game offline mengunjungi dunia2 lain.

senang berkenalan dengan mu! my lovely Pengu! sini join our PENGU FAM!!! muahahaha

aku lebih aktif di Tiktok valoran live only dan Twitter!! di Youtube semua livestream varian lengkapp
sekian dan terimakasih sudah mampir kesini 

",@aru.vtuber,,True,False,"Action_game,Role-playing_video_game,Video_game_culture,Action-adventure_game,Entertainment",2256,9,735
vtuber,40,2023-03-31 20:24:45.865282+00:00,,UUmC7OfwOF41imp6XHPLWkaA,https://www.youtube.com/channel/UCmC7OfwOF41imp6XHPLWkaA,http://www.youtube.com/@PobretambemeVtuber,"Ola eu sou Haida Takashi, mas pode me chamar de takashi-sama. 
eu sou um meio Oni de nascenÃ§a e meio cobra.
um devorador de pesadelos.

espero dia te encontrar em seus sonhos. :3
",@pobretambemevtuber,,True,False,"Film,Entertainment,Video_game_culture",70922,78,841
vtuber,41,2015-01-17 12:23:34+00:00,JP,UUAT_yNt3frY_qC9uSXQQPZA,https://www.youtube.com/channel/UCAT_yNt3frY_qC9uSXQQPZA,http://www.youtube.com/@hatyune,"ğŸŒ¸è‡ªå·±ç´¹ä»‹------------------------------------------------------------------------------- **
ç„¡æ‰€å±Vtuberã®åˆéŸ³ã§ã™ã€‚
2021å¹´7æœˆã‹ã‚‰Vtuberã¨ã—ã¦æ´»å‹•é–‹å§‹ã€‚
ä¸»ã«ã‚²ãƒ¼ãƒ é…ä¿¡ã€æœ€è¿‘æ­Œã£ã¦ã¿ãŸã‚’å§‹ã‚ã¾ã—ãŸã€‚
ã¿ãªã•ã‚“ã€ã‚ˆã‚ã—ããŠé¡˜ã„è‡´ã—ã¾ã™ã€‚

â—†ãƒ•ã‚¡ãƒ³ã‚¢ãƒ¼ãƒˆ
#ã¯ã¡ã‚…ã­ã‚¢ãƒ¼ãƒˆ

â—†ãƒ•ã‚¡ãƒ³ãƒãƒ¼ãƒ 
ã¯ã¡ã‚…ãƒŠã‚¤ãƒˆ

â—†ãƒ¡ãƒ³ãƒãƒ¼ã‚·ãƒƒãƒ—ã¯ã“ã¡ã‚‰ã‹ã‚‰
https://www.youtube.com/channel/UCAT_yNt3frY_qC9uSXQQPZA/join

â¤SNSã€é€£çµ¡å…ˆ ------------------------------------------------------------------------------- **
â—†Youtube
https://qr.paps.jp/oXokd

â—†Xï¼ˆæ—§Twitterï¼‰
https://twitter.com/hatune_ch

â—†é€£çµ¡å…ˆ
æ¡ˆä»¶ãªã©ã®ã”é€£çµ¡ã¯Xï¼ˆæ—§Twitterï¼‰ãƒ€ã‚¤ãƒ¬ã‚¯ãƒˆãƒ¡ãƒƒã‚»ãƒ¼ã‚¸ã‚ˆã‚ŠãŠé¡˜ã„è‡´ã—ã¾ã™ã€‚

â¤ãã®ã»ã‹ ------------------------------------------------------------------------------- **
â—†é…ä¿¡ç’°å¢ƒ
https://www.fanbox.cc/manage/posts/4319302
",@hatyune,"vtuber,å¥³æ€§é…ä¿¡,ã‚²ãƒ¼ãƒ ,æ­ŒãƒŸã‚¿,æ–°äººVtuber,FF14,Apex,FPS",True,False,"Role-playing_video_game,Action-adventure_game,Action_game,Video_game_culture",223113,1240,5300
vtuber,42,2022-10-04 09:36:04.395640+00:00,JP,UUMtphDrM_wWQeNkQiSbjPQg,https://www.youtube.com/channel/UCMtphDrM_wWQeNkQiSbjPQg,http://www.youtube.com/@kanashikishafu,"ç™ºé”éšœå®³(ASD)ï¼†ã‚¢ãƒˆãƒ”ãƒ¼Vtuberã®å¶è­˜ã—ã‚ƒãµ(ã‹ãªã—ãã—ã‚ƒãµ)ã§ã™ï¼
éšœå®³ã‚„ç—…æ°—ã«å¯¾ã™ã‚‹ç†è§£ã‚’åºƒã‚ãŸãã¦æ´»å‹•ã—ã¦ã„ã¾ã™ï¼

twitter
https://twitter.com/kanashikishafu

ä¼ç”»ã€ã‚¢ãƒã‚¿ãƒ¼èª¿æ•´ã€å‹•ç”»ç·¨é›†ã€ãƒ‡ã‚¶ã‚¤ãƒ³ç­‰
å…¨ã¦ä¸€äººã§è¡Œã£ã¦ã„ã‚‹ãŸã‚
æ´»å‹•ã¯ã‚†ã£ãã‚Šã«ãªã‚Šã¾ã™ãŒ
ã‚ˆã‚ã—ããŠé¡˜ã„ã„ãŸã—ã¾ã™(*'â–½')



",@kanashikishafu,,True,False,"Video_game_culture,Entertainment,Action_game",82229,105,2330
vtuber,43,2022-01-14 03:09:00.787573+00:00,JP,UUZ0OAOD2dyHsvr71gMxKsFg,https://www.youtube.com/channel/UCZ0OAOD2dyHsvr71gMxKsFg,http://www.youtube.com/@popona_ch,"ãƒãƒƒãƒãƒ¼â™ª
ã€NGSã€ã‚ªãƒ•ã‚£ã‚·ãƒ£ãƒ«Vtuberãƒ»ã‚»ã‚¬å…¬å¼Vtuberã®ãƒãƒãƒŠã§ã™ï¼
Â ã€Œãƒãƒƒãƒãƒ¼â™ªã€ã‚’åˆè¨€è‘‰ã«ç›¸æ£’(ï¼Ÿ)ã®ãƒãƒˆã‚¹ã‚±ã¨å…±ã«é…ä¿¡ä¸­ï¼
Â 
â– ãƒãƒãƒŠã®Twitterï¼šhttps://twitter.com/popona_NGS_SEGA

â– ã‚¹ãƒ¼ãƒ‘ãƒ¼ãƒãƒ£ãƒƒãƒˆã«ã¤ã„ã¦
ã„ã¤ã‚‚å¿œæ´ã„ãŸã ãã‚ã‚ŠãŒã¨ã†ã”ã–ã„ã¾ã™ã€‚
ã‚³ãƒ¡ãƒ³ãƒˆã®å†…å®¹ã«ã‚ˆã£ã¦ã¯èª­ã¿ä¸Šã’ã‚’æ§ãˆã•ã›ã¦ã„ãŸã ãå ´åˆãŒã”ã–ã„ã¾ã™ã€‚
é…ä¿¡å¾Œã«ã¯å¿œæ´ã„ãŸã ã„ãŸå…¨ã¦ã®ã‚¹ãƒ¼ãƒ‘ãƒ¼ãƒãƒ£ãƒƒãƒˆã«ç›®ã‚’é€šã—ã¦ãŠã‚Šã¾ã™ã€‚
ã”äº†æ‰¿ã®ç¨‹å®œã—ããŠé¡˜ã„ã„ãŸã—ã¾ã™ã€‚
 
â– ãƒãƒãƒŠå…¬å¼HPï¼šhttps://sega-popona.com/

â– ã‚»ã‚¬å…¬å¼HPï¼šhttps://www.sega.co.jp/index.html

â– ãƒãƒãƒŠã®ã‚°ãƒƒã‚º
ãƒ»ã€NGSã€ã‚ªãƒ•ã‚£ã‚·ãƒ£ãƒ«Vtubeãƒ»ã‚»ã‚¬å…¬å¼VtuberrãƒãƒãƒŠ å…¬å¼ã‚·ãƒ§ãƒƒãƒ—ï¼šhttps://popona.booth.pm/

â– ã€NGSã€é–¢é€£ã‚µã‚¤ãƒˆ
ãƒ»ã€PSO2 ãƒ‹ãƒ¥ãƒ¼ã‚¸ã‚§ãƒã‚·ã‚¹ã€å…¬å¼ã‚µã‚¤ãƒˆï¼šhttps://pso2.jp/
ãƒ»å…¬å¼Twitterï¼šhttps://twitter.com/sega_pso2
ãƒ»å…¬å¼ã‚³ãƒŸãƒ¥Twitterï¼šhttps://twitter.com/rappy_commu
ãƒ»å…¬å¼LINEï¼ ã‚¢ã‚«ã‚¦ãƒ³ãƒˆï¼šhttps://page.line.me/pso2
ãƒ»ã€ãƒ•ã‚¡ãƒ³ã‚¿ã‚·ãƒ¼ã‚¹ã‚¿ãƒ¼ã‚·ãƒªãƒ¼ã‚ºã€å…¬å¼ãƒãƒ¼ã‚¿ãƒ«ã‚µã‚¤ãƒˆï¼šhttps://phantasystar.sega.jp/

â€»å½“ãƒãƒ£ãƒ³ãƒãƒ«å†…ã§ç™ºç”Ÿã™ã‚‹åç›Šã«ã¤ã„ã¦ã¯ã€æ ªå¼ä¼šç¤¾ã‚»ã‚¬åŠã³PSO2ãƒãƒ¼ãƒ ã¯å—ã‘å–ã£ã¦ãŠã‚Šã¾ã›ã‚“ã€‚

â€»ã€NGSã€ã€ã‚»ã‚¬ã«é–¢ã™ã‚‹ã”è³ªå•ãƒ»ã”æ„è¦‹ã«ãŠç­”ãˆã§ããªã„å ´åˆãŒã”ã–ã„ã¾ã™ã€‚
ã€€  â–¼ã“ã¡ã‚‰ã‚ˆã‚ŠãŠå•åˆã›ã®ä¸Šã€ã”ç¢ºèªãŠé¡˜ã„ã—ã¾ã™ã€‚
ã€€  https://pso2.jp/players/support/faq/
",@popona_ch,"ãƒãƒãƒŠ,popona,NGS,Vtuber,PSO2,PSO,ãƒãƒˆã‚¹ã‚±,ãƒãƒ¼ãƒãƒ£ãƒ«YouTuber,ã‚²ãƒ¼ãƒ å®Ÿæ³,å®Ÿæ³,VTuber,VR,3D,ã‚¢ãƒ‹ãƒ¡,anime,pso2ngs,ã‚»ã‚¬,SEGA,GAME,RPG,ã‚¢ãƒƒãƒ—ãƒ‡ãƒ¼ãƒˆ,ãƒ•ã‚¡ãƒ³ã‚¿ã‚·ãƒ¼ã‚¹ã‚¿ãƒ¼ã‚ªãƒ³ãƒ©ã‚¤ãƒ³2,PC,ãƒ—ãƒ¬ã‚¤ã‚¹ãƒ†ãƒ¼ã‚·ãƒ§ãƒ³,PlayStation4,PS4,Switch,ã½ã½ãª,é¾ãŒå¦‚ã,ã‚ªãƒ•ã‚£ã‚·ãƒ£ãƒ«,ãƒãƒãƒŠãƒ¼,ãƒãƒˆã‚¹ã‚±ãƒƒãƒ,é³©,ã½ã½ãª,ã‚¹ã‚¯ãƒ©ãƒƒãƒ,ã‚¬ãƒãƒ£,MMO,RPG,ã‚¢ã‚¯ã‚·ãƒ§ãƒ³,AC,ã‚¢ãƒ¼ã‚¯ã‚¹",True,False,"Role-playing_video_game,Video_game_culture,Action_game",4667172,764,41700
vtuber,44,2018-12-25 17:34:22+00:00,,UUO6t0qBMe3dn5VrEZMx-zZQ,https://www.youtube.com/channel/UCO6t0qBMe3dn5VrEZMx-zZQ,http://www.youtube.com/@XVTubernoEkkusudayo,"ğŸŒã‚¹ãƒ¼ãƒ‘ãƒ¼ã”æ©Ÿå«Œï¼å…ƒæ°—å…ƒæ°—ã®å€‹äººVğŸŒ
ã©ã†ã‚‚ã“ã‚“ã«ã¡ã¯ï¼å€‹äººVTuberã®X(ã‚¨ãƒƒã‚¯ã‚¹)ã¨ç”³ã—ã¾ã™ï¼
ã‚ˆã‚ã—ããŠé¡˜ã„ã„ãŸã—ã¾ã™ï½ğŸ¥³

é…ä¿¡ã®äºˆå®šãªã©ã¯Twitterã«ã¦ãŠçŸ¥ã‚‰ã›ã—ã¦ã„ã¾ã™ï¼â†“
https://twitter.com/GCNX11
ãƒã‚·ãƒ¥ãƒãƒ­â†“ã€€å¿œæ´ã€æ„Ÿæƒ³ãŠã¾ã¡ã—ã¦ãŠã‚Šã¾ã™ï¼âœ¨âœ¨
https://marshmallow-qa.com/gcnx11?t=xxoxdt&utm_medium=url_text&utm_source=promotion

æ„Ÿæƒ³ãƒ»è³ªå•ãƒ»å¿œæ´ãƒ»ãƒ•ã‚¡ãƒ³ã‚¢ãƒ¼ãƒˆãã®ã»ã‹è«¸ã€…ã€
æ˜¯éä»¥ä¸‹ã®ãƒãƒƒã‚·ãƒ¥ã‚¿ã‚°ã‚’ã¤ã‘ã¦ãƒ„ã‚¤ãƒ¼ãƒˆãŠé¡˜ã„ã—ã¾ã™ğŸ‰
#Xã®ã‚¿ã‚°

åˆ‡ã‚ŠæŠœãå‹•ç”»ç­‰ã€…ã¸ã®ä½¿ç”¨ï½¥ä½œæˆå¤§æ­“è¿ã§ã™ï¼âœ¨ğŸ‰
ã”é€£çµ¡ç­‰ã¯å¿…è¦ã‚ã‚Šã¾ã›ã‚“ãŒTwitterç­‰ã§å ±å‘Šã„ãŸã ã‘ãŸã‚‰å¤§å–œã³ã—ãªãŒã‚‰è¦‹ã«è¡Œãã¾ã™âœ¨ğŸ¥°

ãƒãƒ£ãƒ³ãƒãƒ«ç™»éŒ²ã¯ã“ã¡ã‚‰ï¼ãœã²ã‚ˆã‚ã—ããŠé¡˜ã„ã—ã¾ã™ï¼â†“ã€€
https://www.youtube.com/channel/UCO6t0qBMe3dn5VrEZMx-zZQ?sub_confirmation=1
",@xvtubernoekkusudayo,,True,False,"Action_game,Video_game_culture,Role-playing_video_game",942928,1190,2690
vtuber,45,2021-10-10 08:46:25.120231+00:00,HK,UU9eLf6guguIGd4E3wC-Dksw,https://www.youtube.com/channel/UC9eLf6guguIGd4E3wC-Dksw,http://www.youtube.com/@KuyaMimo,"âœŸ :ï¼:+:ï¼:+:ï¼:+:ï¼:+:ï¼:+:ï¼:+:ï¼:+:ï¼:+:ï¼:+:ï¼: âœŸ
åœ¨äººé¡ç•Œç”Ÿæ´»çš„å¸è¡€é¬¼-ç–å¤œãƒŸãƒ¢
äººé–“ç•Œã«ä½ã‚€å¸è¡€é¬¼-ç–å¤œãƒŸãƒ¢
KuyaMimo, a vampires lives in human realm
âœŸ :ï¼:+:ï¼:+:ï¼:+:ï¼:+:ï¼:+:ï¼:+:ï¼:+:ï¼:+:ï¼:+:ï¼: âœŸ
ä¾†è‡ªç–å¤œå¸è¡€é¬¼å®¶æ—çš„å¥³å…’ï¼Œä¸€æ¬¡å¤–å‡ºæ™‚ä¸å°å¿ƒå’Œå®¶äººèµ°å¤±ä¸¦ç•™åœ¨äººé¡ç•Œ
å–œæ­¡åƒäººé¡ç•Œçš„é£Ÿç‰©ï¼ˆåœ¨äººé¡ç•Œç”Ÿæ´»å¾ˆä¹…äº†ï¼‰
æ‰€ä»¥æœ‰å¾ˆå¤šå–œæ„›çš„æ±è¥¿ï¼Œä¸å–œæ„›çš„æ±è¥¿éƒ½åœ¨äººé¡ç•Œäº†
âœŸ :ï¼:+:ï¼:+:ï¼:+:ï¼:+:ï¼:+:ï¼:+:ï¼:+:ï¼:+:ï¼:+:ï¼: âœŸ
âœŸå–œæ­¡ç©éŠæˆ²å’ŒèŠå¤©ï½
âœŸè¬è¬ä½ å€‘çš„æ”¯æŒå’Œè¿½éš¨~

âœŸTwitter
ç–å¤œãƒŸãƒ¢@VKuyaMimo
âœŸFacebook
ç–å¤œãƒŸãƒ¢KuyaMimoã€Vtuberã€‘@KuyaMimoVtuber
",@kuyamimo,,True,False,"Role-playing_video_game,Casual_game,Action_game,Video_game_culture",40753,169,1040
vtuber,46,2019-10-31 04:09:32.044492+00:00,JP,UUzYQPx8MeE99DUkW9Y_txJw,https://www.youtube.com/channel/UCzYQPx8MeE99DUkW9Y_txJw,http://www.youtube.com/@V_Virgin_Mary,"ä¸»ã«ã€Œã«ã˜ã•ã‚“ã˜ã€ã€Œãƒ›ãƒ­ãƒ©ã‚¤ãƒ–ã€ã®ãƒ‹ãƒ¥ãƒ¼ã‚¹ã‚’æ‰±ã£ã¦ã„ã¾ã™ã€‚
Vtuberæ¥­ç•Œã®äº‹æ•…ã¨ãã®åŸå› ã¨å¯¾ç­–ã«ã¤ã„ã¦è§£èª¬ã—ã€ãã‚Œã‚’VTuberã®é‹å–¶ã‚„ã‚¿ãƒ¬ãƒ³ãƒˆã‚„ãƒ•ã‚¡ãƒ³ã«å‘¨çŸ¥ã™ã‚‹ã“ã¨ã«ã‚ˆã‚ŠåŒã˜ãƒˆãƒ©ãƒ–ãƒ«ã‚’æœªç„¶ã«é˜²ããŸã„ã¨é¡˜ã†ãƒãƒ£ãƒ³ãƒãƒ«ã§ã™ã€‚
ã‚ˆã‚ã—ããŠé¡˜ã„ã—ã¾ã™ã€‚

twitter:https://twitter.com/V_Virgin_Mary
",@v_virgin_mary,,True,False,Entertainment,3395349,735,2730
vtuber,47,2022-03-19 10:42:28.155129+00:00,,UUMVQYZbLH8kvUbO5r--I0ow,https://www.youtube.com/channel/UCMVQYZbLH8kvUbO5r--I0ow,http://www.youtube.com/@ComunidadVtuber-Fenrir,"Hola soy FenrirVT â­
â—Soy un clipero en crecimiento que trata de subir los momentos mÃ¡s graciosos, divertidos, y alegres algunas Vtubers.
â—Subo clips de 8 vtubers diferentes (Pronto nuev@s vtubers)
â—Gracias por el apoyo que han ofrecido a este canal. TQM â¤ï¸

Como contactarme ğŸ”®
â—Discord: Fenrir_VT#7846 
â—Twitter: FenrirVT
",@comunidadvtuber-fenrir,"Clips,vtuber,clips de vtuber,vtubers,clips karma,clips chessi,clips kendo,clips siri,clips emikukis,clips nori,clips rakkun,karma clips,siri clips,nori clips,chessi clips,emikukis clips,rakkun clips,clips de vtubers,vtuber clips",True,False,,32602996,865,43800
vtuber,48,2019-07-28 01:02:53+00:00,PE,UUmnpC_H6xJRtUEt63OCDwUA,https://www.youtube.com/channel/UCmnpC_H6xJRtUEt63OCDwUA,http://www.youtube.com/@ChannelparaVTubers,"Hola!!!   bienvenidos a estÃ© su canal  Channel para VTuberes . AquÃ­ encontraras los momentos mÃ¡s divertidos de las VTubers, Resumo directos con una buena ediciÃ³n, estÃ© canal estara dando publicidad a los canales de VTUBERS QUE APARESCAN SIEMPRE DANDO SU RESPECTIVOS CREDITOS A ELLOS ,  ESPERAMOS HACER CRECER MAS LA COMUNIDAD DE VTUBERS / VSTREAMERS PEQUEÃ‘OS COMO GRANDES  . ğŸ¤—ğŸ¤—ğŸ˜„ğŸ˜ƒ
RECUERDA SIEMPRE APOYAR A TUS VTUBERS / VSTREAMERS FAVORITAS SIN SER UN(  HEITER ).   UN SALUDO A TODOS LOS QUE PASEN POR AQUI .   APOYA A LA COMUNIDAD DE VTUBERS EHHHHH.ğŸ˜€ğŸ˜€ğŸ˜",@channelparavtubers,"Channel para vtubers,vtubers,Channel para VTubers,Emikukis,clips,Emi,Emi vtuber,Emikukis vtuber,Emikukis reacciona",True,False,"Role-playing_video_game,Entertainment,Action_game,Video_game_culture",60503719,2691,131000
vtuber,49,2020-06-07 03:28:44.980897+00:00,,UUxFPGRIJ8yOAd61evqWd4CA,https://www.youtube.com/channel/UCxFPGRIJ8yOAd61evqWd4CA,http://www.youtube.com/@NaocchiVtuberUwU,"Hola!! Soy Nao una patata que hace directos en Twitch, espero que les guste mi contenido :3",@naocchivtuberuwu,"vtuber,vtubers,Vtuber,Naocchi,Naocchi Vtuber,NaocchiUwU,naocchiuwu,naocchi,naocchi vtuber,Naocchiuwu,NaocchiUwU vtuber,naocchiuwu vtuber,Naocchi vtuber",True,False,"Video_game_culture,Entertainment",4417869,518,44100
vtuber,50,2019-02-16 11:10:46+00:00,,UUntI1r5WWz7JsRXz-jQ743g,https://www.youtube.com/channel/UCntI1r5WWz7JsRXz-jQ743g,http://www.youtube.com/@krowkovtuber,"Just 1 crow using 5 models and 3 languages to make you laugh 365 days

100% Independent - Contact me for collabs or business through email or Discord.
",@krowkovtuber,"vtuber,envtuber,waifu,anime,krowko,kokochan,koko,kyoko,crow,goddess,tomboy,comedy,gaming,fps,gamer,livestream,streamer",True,False,"Role-playing_video_game,Video_game_culture,Action_game",1230932,854,34000
